,o2o_shop_code,o2o_shop_name,open_date,open_time,close_time,close_date,business_days,district,address_en,address_chi,allow_chill,allow_fresh,allow_frozen,not_allow_return
0,ZTC,Tsz Wan Shan - Easy Take Pickup Point,2022-10-01T00:00:00+08:00,2022-10-08 11:30:00,2022-10-08 19:00:00,,1/2/3/4/5/6,KLN,"Shop 6A ,UG/F, Wah Lai House Shopping mall, 20 Yuk Wah Crescent, Tsz Wan Shan, Kowloon",九龍慈雲山毓華里20號華麗樓高層UG/F 商場6A號舖,True,True,True,False
1,HAN,Tuen Mun - H.A.N.D.S Shop,2021-11-01T00:00:00+08:00,2022-10-08 08:00:00,2022-10-08 22:00:00,,1/2/3/4/5/6/7,NT,"Shop A301, 3/F, Zone A, H.A.N.D.S, On Ting Estate, 2A Tuen Mun Heung Sze Wui Road, Tuen Mun, NT",屯門屯門鄉事會路2A 愛定商場3樓A-301號鋪,True,False,True,False
2,TAI,Tai Po - Tai Yuen Shopping Centre Shop,2022-05-01T00:00:00+08:00,2022-10-08 08:00:00,2022-10-08 22:00:00,,1/2/3/4/5/6/7,NT,"Shop Nos. 5, 6A, 6B, 7, 8 and 9, First Floor, Tai Yuen Shopping Centre, Tai Yuen Estate, No.10 Ting Kok Road, Tai Po, New Territories","新界 大埔汀角路10號大元邨大元商場1樓5, 6A, 6B, 7, 8, 9號舖",True,False,True,False
3,SAV,Tseung Kwan O - Savannah Place,2021-10-01T00:00:00+08:00,2022-10-08 08:00:00,2022-10-08 22:00:00,,1/2/3/4/5/6/7,KLN,"Shop G03 & 03A, Savannah Place, 3 Chi Shin Street, TKO",將軍澳至善街3號 Savannah Place地下G03&G03A 號鋪,True,False,True,False
4,ROC,Sai Wan - The Rockpool Shop,2021-12-20T00:00:00+08:00,2022-10-08 08:00:00,2022-10-08 22:00:00,,1/2/3/4/5/6/7,HK,"Shop G09-G10, G/F, The Rockpool, No. 423-425 Queen's Road West, Hong Kong","Shop G09&G10, 石塘坊, 石塘咀402-404德輔道西",True,False,True,False
5,YIU,Ma On Shan - Yiu On Shopping Centre Shop,2022-05-01T00:00:00+08:00,2022-10-08 08:00:00,2022-10-08 22:00:00,,1/2/3/4/5/6/7,NT,"Shop No. L201, Level 2, Yiu On Shopping Centre, Yiu On Estate, No.2 Hang Hong Street, Shatin, New Territories",新界 沙田恆康街2號耀安邨耀安商場2樓L201號舖,True,False,True,False
6,ZLC,Causeway Bay - Percival Street iEAT Pickup Point,2021-07-01T00:00:00+08:00,2022-10-08 10:00:00,2022-10-08 20:00:00,,1/2/3/4/5/6/7,HK,"Shop D1, G/F, Po Wing Building, 108-120 Percival Street, Causeway Bay, Hong Kong",香港 銅鑼灣波斯富街108-120號寶榮大廈地下D1舖,True,False,True,True
7,ZLD,Tuen Mun - Chelsea Heights Shopping Arcade iEAT Pickup Point,2021-07-01T00:00:00+08:00,2022-10-08 10:00:00,2022-10-08 20:00:00,,1/2/3/4/5/6/7,NT,"Shop 106B, 1/F, Chelsea Heights Shopping Arcade, 1 Shek Pai Tau Road, Tuen Mun, New Territories",新界 屯門石排頭徑1號卓爾廣場1樓106B號舖,True,False,True,True
8,ZQD,Tin Shui Wai -  Hung's Cartnoodles Pickup Point,2022-03-01T00:00:00+08:00,2022-10-08 10:00:00,2022-10-08 21:00:00,,1/2/3/4/5/6/7,NT,"Shop 8, G/F, Ping Yan Shopping Centre, Ping Yan Court, 65 Ping Ha Road, Tin Shui Wai",天水圍屏廈路 65 號屏欣苑屏欣商場地下 8 號舖,True,False,True,True
9,ZBB,Tai Wo - Tai Wo Plaza Baleno Pickup Point (No frozen and chilled items allowed),2020-02-21T00:00:00+08:00,2022-10-08 10:30:00,2022-10-08 19:30:00,,1/2/3/4/5/6/7,NT,"Shop 230-231, 2/F, Tai Wo Plaza, 12 Tai Po Tai Wo Road, Tai Po, N.T.",新界大埔太和路12號太和廣場2樓230-231號舖,False,False,False,True
10,ZDI,Central - On Lok Yuen GIORDANO Pickup Point (No frozen and chilled items allowed),2020-03-02T00:00:00+08:00,2022-10-08 10:30:00,2022-10-08 19:30:00,,1/2/3/4/5/6/7,HK,"G/F & M/F, On Lok Yuen Bldg., 27 Des Voeux Road, Central, Hong Kong",香港 中環德輔道中 27 號安樂園大廈地舖,False,False,False,True
11,SHS,South Horizons - Marina Square (West) Shop,,2022-10-08 10:30:00,2022-10-08 21:00:00,,1/2/3/4/5/6/7,HK,"G33C&D, Marina Square (West), 12A South Horizon Drive (pick-up)",海怡西商場地下33C及D號舖 (自取),True,False,True,False
12,OWS,Tuen Mun - Ocean Walk Shop,2019-05-03T00:00:00+08:00,2022-10-08 10:30:00,2022-10-08 21:00:00,,1/2/3/4/5/6/7,NT,"Shop No 6, Ocean Walk (pick-up)",屯門海趣坊6號舖 (自取),True,False,True,False
13,CYL,Wong Tai Sin - Cheung Ying Alley Shop,2020-01-30T00:00:00+08:00,2022-10-08 10:30:00,2022-10-08 21:00:00,,1/2/3/4/5/6/7,KLN,"Shop 2B, Cheung Ying Alley, Third Ground Floor of Tropicana Gardens, 110 Lung Cheung Road, Wong Tai Sin",黃大仙龍翔道110號翔盈里2B號舖,True,False,True,False
14,TPS,Tai Po - Tai Po Plaza Shop,2018-07-13T00:00:00+08:00,2022-10-08 10:30:00,2022-10-08 21:00:00,,1/2/3/4/5/6/7,NT,"Shop 4001 & 4002, Level 1, 1 On Tai Road, Tai Po Plaza (pick-up)",大埔廣場地下4001-4002號舖 (自取),True,False,True,False
15,SRS,Kennedy Town - Smithfield Road Shop,2018-05-25T00:00:00+08:00,2022-10-08 10:30:00,2022-10-08 21:00:00,,1/2/3/4/5/6/7,HK,"Shop 3, LG/F, Smithfield Walk, 45-51 Smithfield Road, Kennedy Town (pick-up)",士美菲路45-51號Smithfield Walk商場低層地下 3號舖 (自取),True,False,True,False
16,SSC,Ma On Shan - Sunshine City Plaza Shop,2018-06-13T00:00:00+08:00,2022-10-08 10:30:00,2022-10-08 21:00:00,,1/2/3/4/5/6/7,NT,"Shop No. 2E-5, L2, Sunshine City Plaza, Ma On Shan (pick-up)",新港城中心2樓2E-5舖(近馬鞍山站B出口) (自取),True,False,True,False
17,SHE,Sheung Shui - Sheung Shui Centre Shop,2019-08-09T00:00:00+08:00,2022-10-08 10:30:00,2022-10-08 21:00:00,,1/2/3/4/5/6/7,NT,"Shop 2029, L2, Sheung Shui Centre, 3 Chi Cheong Road, Sheung Shui (pick-up)",上水智昌路3號上水中心2樓2029號舖 (自取),True,False,True,False
18,CIT,Tsuen Wan - Citywalk Shop,2020-11-09T00:00:00+08:00,2022-10-08 10:30:00,2022-10-08 21:00:00,,1/2/3/4/5/6/7,NT,"G19B, Citywalk 1, 1 Yeung Uk Road, Tsuen Wan, New Territories (opposite to the wet market)",荃灣楊屋路道1號荃新天地I期地下G19B,True,False,True,False
19,PMS,Heng Fa Chuen - Paradise Mall Shop,,2022-10-08 10:30:00,2022-10-08 21:00:00,,1/2/3/4/5/6/7,HK,"Shop No. 216, 2/F, 100 Shing Tai Road, Paradise Mall, Heng Fa Chuen (pick-up)",杏花新城2/F 216號舖 (自取),True,False,True,False
20,KYR,Yuen Long - Kau Yuk Road Shop,2019-04-04T00:00:00+08:00,2022-10-08 10:30:00,2022-10-08 21:00:00,,1/2/3/4/5/6/7,NT,"Shop D, G/F, Chit Wing House, 2-6 Kau Yuk Road, Yuen Long",元朗教育路2-6號捷榮樓地下D舖,True,False,True,False
21,GIN,Tin Shui Wai - +WOO,2019-05-06T00:00:00+08:00,2022-10-08 10:30:00,2022-10-08 21:00:00,,1/2/3/4/5/6/7,NT,"Shop No. G84B, G/F, Phase 1, Fortune Kingswood, 12-18 Tin Yan Road, Tin Shui Wai (pick-up)",天水圍嘉湖銀座1期地下G84B號舖 (自取),True,False,True,False
22,TFP,Kowloon Bay - Telford Plaza Shop,2020-06-07T00:00:00+08:00,2022-10-08 10:30:00,2022-10-08 21:00:00,,1/2/3/4/5/6/7,KLN,"Shop P24-P25, Podium, Telford Plaza, Kowloon Bay, Kowloon (Opposite to MCL Cinema)",九龍 九龍灣德福廣場平台P24-P25號舖 (MCL戲院對面),True,False,True,False
23,APS,Kowloon Bay - Amoy Plaza Shop,2018-09-30T00:00:00+08:00,2022-10-08 10:30:00,2022-10-08 21:00:00,,1/2/3/4/5/6/7,KLN,"Shop 58 & 58A, G/F, Amoy Plaza, 77 Ngau Tau Kok Road, Kowloon Bay (pick-up)",淘大商場地下58-58A號舖  (自取),True,False,True,False
24,TCS,Tung Chung MTR Station shop (No alcohol and oil products allowed),2018-11-07T00:00:00+08:00,2022-10-08 10:30:00,2022-10-08 21:00:00,,1/2/3/4/5/6/7,NT,"Shop TUC27, Tung Chung Station, Tung Chung (Pick-up)",港鐵東涌站TUC 27號舖 (自取),True,False,True,False
25,SWH,Sai Wan Ho - Shau Kei Wan Road Shop,2021-04-12T00:00:00+08:00,2022-10-08 10:30:00,2022-10-08 21:00:00,,1/2/3/4/5/6/7,HK,"Ground Floor, No. 86, Shau Kei Wan Road, Sai Wan Ho",西灣河 筲箕灣道 86號地下,True,False,True,False
26,TYS,Tsing Yi MTR Station shop (No alcohol and oil products allowed),2018-08-06T00:00:00+08:00,2022-10-08 10:30:00,2022-10-08 21:00:00,,1/2/3/4/5/6/7,NT,"Shop TSY 6, Tsing Yi MTR Station, Tsing Yi (pick-up)",港鐵青衣站TSY 6號舖 (自取),True,False,True,False
27,ZPB,Tseung Kwan O - Aplex Pick up point,2022-02-14T00:00:00+08:00,2022-10-08 11:00:00,2022-10-08 19:30:00,,1/2/3/4/5/6/7,NT,"Shop262, Level 2, Metro City Plaza I, Tseung Kwan O, New Territories",將軍澳新都城商場一期2樓262號舖,True,False,True,True
28,ZBA,Sai Wan - The Westwood Baleno Pickup Point (No frozen and chilled items allowed),2020-02-21T00:00:00+08:00,2022-10-08 11:00:00,2022-10-08 20:00:00,,1/2/3/4/5/6/7,HK,"Shop UG05, UG/F, The Westwood, 8 Belchers Street, Sai Wan, Hong Kong",香港西環卑路乍街八號西寶城高層地下UG05號舖,False,False,False,True
29,ZRK,Sha Tin - Rhino Rhino（Shek Mun )Pickup Point,2022-03-15T00:00:00+08:00,2022-10-08 11:00:00,2022-10-08 20:00:00,,1/2/3/4/5/6,NT,"Shop 162,1/F, Kings Wing Plaza 1, 3 On Kwan Street, Shek Mun, Sha Tin",沙田石門京瑞廣場1期1樓162號舖,True,False,True,True
30,ZLE,Yuen Long - RIVA Shopping Arcade iEAT Pickup Point,2021-07-01T00:00:00+08:00,2022-10-08 11:00:00,2022-10-08 21:00:00,,1/2/3/4/5/6/7,NT,"Shop 5, G/F, RIVA Shopping Arcade, 1 Ying Ho Road, Yuen Long, New Territories",新界 元朗映河路1號爾巒商場地下5號舖,True,False,True,True
31,ZQE,Tai Po - Fung Kee Noodles Pick up point,2022-03-01T00:00:00+08:00,2022-10-08 11:00:00,2022-10-08 21:00:00,,1/2/3/4/5/6/7,NT,"Shop S13, G/F, Kwong Fuk Market, Kwong Fuk Commercial Centre, 28 Plover Cove Road, Tai Po",大埔寶湖道 28 號廣福商場地下廣福街市 S13 號舖,True,False,True,True
32,ZLB,Nam Cheong - V Walk Shopping Mall iEAT Pickup Point,2021-07-01T00:00:00+08:00,2022-10-08 11:00:00,2022-10-08 21:00:00,,1/2/3/4/5/6/7,KLN,"Shop 42, L2, V Walk Shopping Mall, 28 Sham Mong Road, Kowloon",九龍 深旺道28號匯璽V WALK商場L2層42號舖,True,False,True,True
33,ZDA,Tai Koo - Cityplaza GIORDANO Pickup Point (No frozen and chilled items allowed),2020-02-21T00:00:00+08:00,2022-10-08 11:30:00,2022-10-08 20:00:00,,1/2/3/4/5/6/7,HK,"Shop 306, 3/F, Cityplaza, 18 Taikoo Shing Road, Island East, Hong Kong",香港 太古太古城道18號太古城中心3樓 306 號舖,False,False,False,True
34,ZTB,Causeway Bay - C&H Pickup Point,2022-06-20T00:00:00+08:00,2022-10-08 11:30:00,2022-10-08 20:30:00,,1/2/3/4/5/6,HK,"Shop 256, Chee On Building, Causeway Bay",銅鑼灣東角道24-26號東角256鋪,False,False,False,True
35,ZDO,Lok Fu - Lok Fu Plaza GIORDANO Pickup Point (No frozen and chilled items allowed),2020-04-27T00:00:00+08:00,2022-10-08 12:00:00,2022-10-08 18:30:00,,1/2/3/4/5/6/7,KLN,"Shop U118, UG1 Floor, Lok Fu Plaza, 198 Junction Rd, Kowloon",九龍橫頭磡聯合道 198 號樂富廣場 B 區 UG1 樓 U118 號舖,False,False,False,True
36,ZQJ,Shau Kei Wan - 阿翁廚房 Pickup Point,2022-03-01T00:00:00+08:00,2022-10-08 12:00:00,2022-10-08 20:00:00,,1/2/3/4/5/6/7,HK,"Shops 14A-16A, G/F, Hung Lee Building, 30-50 Ngoi Man Street, Shau Kei Wan",筲箕灣愛民街30-50號鴻利大廈地下14A-16A號舖,True,False,True,True
37,ZSZ,Tin Shui Wai - Kingswood Richly Plaza 1PM Pickup Point,2022-06-20T00:00:00+08:00,2022-10-08 12:00:00,2022-10-08 20:00:00,,1/2/3/4/5/6,NT,"Shop 187, 2/F , Kingswood Richly Plaza, Tin Shui Wai",天水圍新北江商場2樓187號鋪,False,False,False,False
38,ZSY,Aberdeen - 1PM Pickup Point,2022-06-15T00:00:00+08:00,2022-10-08 12:00:00,2022-10-08 20:00:00,,1/2/3/4/5/6,HK,"Shop H19B, Chi Fu Landmark, Aberdeen",香港仔置富道19號置富南區廣場H19B鋪,False,False,False,False
39,ZSW,Hang Hau - 1PM Pickup Point,2022-06-15T00:00:00+08:00,2022-10-08 12:00:00,2022-10-08 20:00:00,,1/2/3/4/5/6,KLN,Shop B133 1/F Nan Fung Plaza Hang Hau Tseung Kwan O,將軍澳坑口南豐廣場1/F B133鋪,False,False,False,False
40,ZTA,Yuen Long - Ho Shun Lee Building 1PM Pickup Point,2022-06-20T00:00:00+08:00,2022-10-08 12:00:00,2022-10-08 20:00:00,,1/2/3/4/5/6,NT,"Shop G49, Ho Shun Lee Shopping Centre, Yuen Long",元朗好順利商場地下49號鋪,False,False,False,False
41,DPA,Tsuen Wan - D Park Shop,2019-03-28T00:00:00+08:00,2022-10-08 12:00:00,2022-10-08 21:00:00,,1/2/3/4/5/6/7,NT,"Shop 2025 on Level, D.Park, 398 Castle Peak Road, Tsuen Wan, New Territories (pick-up)",荃灣青山公路荃灣段398號愉景新城2025號舖 (自取),True,False,True,False
42,ARG,Mong Kok - Argyle Street Shop,2022-09-01T00:00:00+08:00,2022-10-08 12:00:00,2022-10-08 21:00:00,,1/2/3/4/5/6/7,KLN,"Ground Floor, No. 78 Argyle Street, Kowloon",九龍 亞皆老街 78號地下,True,False,True,False
43,KTP,Kwun Tong - Kwun Tong Plaza Shop,2021-05-22T00:00:00+08:00,2022-10-08 12:00:00,2022-10-08 21:00:00,,1/2/3/4/5/6/7,KLN,"Shop 103 & 104 1/F, No. 68 Hoi Yuen Road, Kwun Tong Plaza, KLN",九龍觀塘開源道68號觀塘廣場1層103-104號舖,True,False,True,False
44,SLE,Kwai Chung - Shek Lei Shop,2021-06-13T00:00:00+08:00,2022-10-08 12:00:00,2022-10-08 21:00:00,,1/2/3/4/5/6/7,NT,"Shop B221, 2/F, Shek Lei Shopping Centre Phase 2",新界葵涌大隴街110號石籬商場二期 二樓B221號舖,True,False,True,False
45,SCE,Lam Tin - Sceneway Plaza Shop,2019-05-06T00:00:00+08:00,2022-10-08 12:00:00,2022-10-08 21:00:00,,1/2/3/4/5/6/7,KLN,"Shop 2C, Site 1, L4, Sceneway Garden, No. 8 Sceneway Road, Lam Tin, Kowloon (pick-up)",藍田匯景商場4樓2C舖 (自取),True,False,True,False
46,MFS,Mei Foo - Mount Sterling Mall Shop,,2022-10-08 12:00:00,2022-10-08 21:00:00,,1/2/3/4/5/6/7,KLN,"Shop N61A, G/F, Nos. 1-11, 15-17 Mount Sterling Mall, Mei Foo Sun Chuen (pick-up)",美孚新邨萬事達廣場15-17號N61A地舖 (自取),True,False,True,False
47,TPM,Tai Po Market MTR Station shop (No alcohol and oil products allowed),2019-05-22T00:00:00+08:00,2022-10-08 12:00:00,2022-10-08 21:00:00,,1/2/3/4/5/6/7,NT,"MTR Station Shop No. TAP 3 at Tai Po Market Station, Tai Po (pick-up)",港鐵大埔墟站TAP 3號舖 (自取),True,False,True,False
48,GCS,Sha Tin - Sha Tin Wai Greenfield Court Shop,2019-01-17T00:00:00+08:00,2022-10-08 12:00:00,2022-10-08 21:00:00,,1/2/3/4/5/6/7,NT,"Shop A, G/F, Greenfield Court Shop, 9-11 She Tin Wai Road, Shatin (pick-up)",沙田沙田圍路9-11號田園閣地下A號舖  (自取),True,False,True,True
49,YLS,Yuen Long - Kin Yip Street Shop,,2022-10-08 12:00:00,2022-10-08 21:00:00,,1/2/3/4/5/6/7,NT,"Shop C, G/F, Yan Yee Bldg, No. 88 Kin Yip Street, Yuen Long (pick-up)",建業街88號仁義大廈地下C舖 (自取),True,False,True,False
50,NGA,Kowloon City - Nga Tsin Wai Road Shop,2021-07-05T00:00:00+08:00,2022-10-08 12:00:00,2022-10-08 21:00:00,,1/2/3/4/5/6/7,KLN,"G/f, No. 76, Nga Tsin Wai Road, Kowloon",九龍衙前圍道76號地下,True,False,True,False
51,YMT,Yau Ma Tei - Yau Ma Tei Shop,2021-06-06T00:00:00+08:00,2022-10-08 12:00:00,2022-10-08 21:00:00,,1/2/3/4/5/6/7,KLN,"Shop No.12 & No.26, G/F, Alhambra Building, Nos.383 385 385A 385B 387 387A 387B 389 389A-389C Nathan Road & Nos.15-17 Kansu Street, Kowloon",九龍油麻地彌敦道0383-0389C號平安大樓地下12&26號鋪,True,False,True,False
52,LOP,Yuen Long - Long Ping MTR Station Shop,2020-01-30T00:00:00+08:00,2022-10-08 12:00:00,2022-10-08 21:00:00,,1/2/3/4/5/6/7,NT,"MTR Station Shop LOP24, Long Ping Station, NT",元朗港鐵朗屏站24號舖,True,False,True,False
53,LBT,Lai Chi Kok - Liberte Place Shop,2018-11-30T00:00:00+08:00,2022-10-08 12:00:00,2022-10-08 21:00:00,,1/2/3/4/5/6/7,KLN,"Shop B1, 1/F, Liberte Place, 833 Lai Chi Kok Road, Lai Chi Kok (pick-up)",荔枝角道833號昇悅廣場 一樓122B1店  (自取),True,False,True,False
54,FCS,Fanling - Fanling Centre Shop,2019-05-16T00:00:00+08:00,2022-10-08 12:00:00,2022-10-08 21:00:00,,1/2/3/4/5/6/7,NT,"Shop 248A, 1/F, Fanling Centre, No. 33 San Wan Road, Fanling (pick-up)",粉嶺中心1樓248A號舖 (自取),True,False,True,False
55,MAY,Tai Po - Mayfair Lane,2021-04-26T00:00:00+08:00,2022-10-08 12:00:00,2022-10-08 21:00:00,,1/2/3/4/5/6/7,NT,"Shop LG 7-8, Mayfair Lane, 21 Fo Chun Road, Tai Po",大埔 白石角 科進路21號 逸瓏坊 地下低層 Shop 7-8,True,False,True,False
56,QWP,Admiralty - Queensway Plaza Shop,2019-05-19T00:00:00+08:00,2022-10-08 12:00:00,2022-10-08 21:00:00,,1/2/3/4/5/6/7,HK,"Shop No. B16-B17, First Floor, Queensway Plaza 93 Queensway, Hong Kong",港島 金鐘金鐘廊一樓B16-17 號舖,True,False,True,False
57,LEI,Lei Tung MTR Station shop (No alcohol and oil products allowed),2020-02-20T00:00:00+08:00,2022-10-08 12:00:00,2022-10-08 21:00:00,,1/2/3/4/5/6/7,HK,"LET 1, Lei Tung MTR Station, Lei Tung, HK",香港港鐵利東站LET 1號舖 (近A1出口),True,False,True,False
58,TKW,To Kwa Wan - To Kwa Wan Station Shop,2021-04-01T00:00:00+08:00,2022-10-08 12:00:00,2022-10-08 21:00:00,,1/2/3/4/5/6/7,KLN,"TKW 2 at MTR Tokwawan station, Tokwawan",土瓜灣港鐵站 2號店,True,False,True,False
59,BSS,Tsuen Wan - Belvedere Square Shop,2019-02-21T00:00:00+08:00,2022-10-08 12:00:00,2022-10-08 21:00:00,,1/2/3/4/5/6/7,NT,"Shop No. 9, G/F, Belvedere Square of Belvedere Garden Phase 3, No. 652 Castle Peak Road, Tsuen Wan",荃灣青山公路荃灣段625號麗城薈G樓9號舖,True,False,True,False
60,CPF,Central - Central Pier 5 Shop,2021-07-28T00:00:00+08:00,2022-10-08 12:00:00,2022-10-08 21:00:00,,1/2/3/4/5/6/7,HK,"Shop KA, 1/F, Central Pier 5, Central, Hong Kong",中環五號碼頭一樓KA號鋪,True,False,True,False
61,CHE,Tsing Yi - Cheung Hang Shop,2021-06-20T00:00:00+08:00,2022-10-08 12:00:00,2022-10-08 21:00:00,,1/2/3/4/5/6/7,NT,"Shop 326, 3/F, Cheung Hang Estate, Tsing Yi",新界青衣寮肚路6號長亨商場 三樓326號舖,True,False,True,False
62,TWR,Tsuen Wan West MTR Station shop (No alcohol and oil products allowed),2019-06-28T00:00:00+08:00,2022-10-08 12:00:00,2022-10-08 21:00:00,,1/2/3/4/5/6/7,NT,"TWW 24 & 25, Tsuen Wan West MTR station (pick-up)",港鐵荃灣西站24&25號舖 (自取),True,False,True,False
63,MWS,Ma Wan - Tin Liu New Village Shop,2018-12-18T00:00:00+08:00,2022-10-08 12:00:00,2022-10-08 21:00:00,,1/2/3/4/5/6/7,NT,"G/F, No. 45 Tin Liu New Village, Ma Wan (pick-up)",馬灣田寮新村45號地舖 (自取),True,False,True,False
64,ABC,Aberdeen - Aberdeen Centre Pharse 2 Shop,2021-04-19T00:00:00+08:00,2022-10-08 12:00:00,2022-10-08 21:00:00,,1/2/3/4/5/6/7,HK,"Shop 16A & 16B, G/F, Aberdeen Centre Phase 2, 9 Nam Ning Street, Aberdeen",香港仔 南寧街9號 香港仔中心2期 地下 Shop 16A & 16B,True,False,True,False
65,TFC,Tsuen Wan - Tsuen Fung Centre Shop,2022-09-01T00:00:00+08:00,2022-10-08 12:00:00,2022-10-08 21:00:00,,1/2/3/4/5/6/7,NT,"Shop No. 6, 1/F at Level 3, Tsuen Fung Centre, Nos. 138-168 Sai Lau Kok Road, Tsuen Wan, New Territories",新界 荃灣 西樓角路138-168號 荃豐中心 一樓 6號舖,True,False,True,False
66,CAI,Central - Caine Road Shop,2019-03-08T00:00:00+08:00,2022-10-08 12:00:00,2022-10-08 21:00:00,,1/2/3/4/5/6/7,HK,"Shop E, G/F, Caine Mansion, Nos. 80-88 Caine Road, Hong Kong (pick-up)",香港 中環堅道80-88號堅都大廈地下E舖 (自取),True,False,True,False
67,GRC,Fanling - Green Code Plaza Shop,2020-01-29T00:00:00+08:00,2022-10-08 12:00:00,2022-10-08 21:00:00,,1/2/3/4/5/6/7,NT,"Shop No. G15 on Ground Floor of Green Code Plaza, No.1 Ma Sik Road, Fanling",粉嶺馬適路1號逸峯廣場地下G15號舖,True,False,True,False
68,ONE,Tin Shui Wai - One Sky Mall Shop,2021-02-10T00:00:00+08:00,2022-10-08 12:00:00,2022-10-08 21:00:00,,1/2/3/4/5/6/7,NT,"Shop 1109, First Floor of One Sky Mall, No.8 Tin Sau Road, Tin Shui Wai, New Territories",天水圍天秀路8號天一商城1樓1109號舖,True,False,True,False
69,ART,Sheung Shui - Artique Shop,2022-06-01T00:00:00+08:00,2022-10-08 12:00:00,2022-10-08 21:00:00,,1/2/3/4/5/6/7,NT,"Address: Shop 1, G/F, Artique, No. 38 San Lok Street, Sheung Shui, NT",新界 上水新樂街38號尚宜地下1號舖,True,False,True,False
70,VEN,Tuen Mun - Venice Gardens Shop,2021-05-15T00:00:00+08:00,2022-10-08 12:00:00,2022-10-08 21:00:00,,1/2/3/4/5/6/7,NT,"UG/F 07, Floor UG, Venice Gardens, 12 Leung Tak Street, Tuen Mum, New Territories",屯門良德街12號海麗花園UG層7號鋪,True,False,True,False
71,TKO,HKTV TKO Headquarters (For Staff Only),2021-07-21T00:00:00+08:00,2022-10-08 12:00:00,2022-10-08 21:00:00,,1/2/3/4/5/6/7,KLN,"No 1, Chun Cheong Street, Tseung Kwan O Industrial Estate, Tseung Kwan O",將軍澳工業邨駿昌街1號,True,True,True,True
72,FAI,Yuen Long - Fairview Park Shop,2019-10-14T00:00:00+08:00,2022-10-08 12:00:00,2022-10-08 21:00:00,,1/2/3/4/5/6/7,NT,"Shop No.12, G/F, Blk E, Town Centre, Fairview Park, Yuen Long (pick-up)",新界元朗錦繡花園商場E座地下12號舖 (自取),True,False,True,False
73,WME,Fanling - Wah Ming Estate,2021-10-01T00:00:00+08:00,2022-10-08 12:00:00,2022-10-08 21:00:00,,1/2/3/4/5/6/7,NT,"Shop G38, G/F, Wah Ming Shopping Centre, 21 Wah Ming Road, Fanling",粉嶺 華明路21號 華明商場地下G38號鋪,True,False,True,False
74,CAR,Tung Chung - Caribbean Square Shop,2020-01-31T00:00:00+08:00,2022-10-08 12:00:00,2022-10-08 21:00:00,,1/2/3/4/5/6/7,NT,"Shop No. 5B on the Podium First Floor of Caribbean Square of Caribbean Coast , No. 1 Kin Tung Road, Tung Chung",東涌健東路1號映灣薈一樓5B號舖,True,False,True,False
75,HPS,Happy Valley - Sing Woo Road Shop,2019-06-12T00:00:00+08:00,2022-10-08 12:00:00,2022-10-08 21:00:00,,1/2/3/4/5/6/7,HK,"Shop No. 6 On Ground Floor, Happy Court, No.39E Sing Woo Road, Hong Kong  (pick-up)",跑馬地成和道39E號海怡閣地下6號舖 (自取),True,False,True,False
76,FVG,Siu Sai Wan - Fullview Garden Shop,2019-02-28T00:00:00+08:00,2022-10-08 12:00:00,2022-10-08 21:00:00,,1/2/3/4/5/6/7,HK,"Shop 8, G/F, Fullview Garden, No 18 Siu Sai Wan Road, Siu Sai Wan",小西灣小西灣道18號富景花園地下8號舖,True,False,True,False
77,JAR,North Point - Java Road Shop,2022-06-27T00:00:00+08:00,2022-10-08 12:00:00,2022-10-08 21:00:00,,1/2/3/4/5/6/7,HK,"Shop E, G/F, Prosperity Building, 23-27 Java Road, North Point, Hong Kong",北角渣華道23-27 號金豐大廈地下E號舖,True,False,True,False
78,WCR,Wan Chai - Emperor Group Centre Shop,2019-07-25T00:00:00+08:00,2022-10-08 12:00:00,2022-10-08 21:00:00,,1/2/3/4/5/6/7,HK,"Shop G15, G/F, Emperor Group Centre, 288 Hennessy Road, Hong Kong (pick-up)",灣仔軒尼詩道288號英皇集團中心地下G15號舖 (自取),True,False,True,False
79,DAW,Fanling - Dawning Views Shop,2021-07-31T00:00:00+08:00,2022-10-08 12:00:00,2022-10-08 21:00:00,,1/2/3/4/5/6/7,NT,"Shop G12B, G/F, Dawning Views, No. 23 Yat Ming Road, Fanling.","粉嶺一鳴路23號牽晴間購物廣場G/F, G12B舖",True,False,True,False
80,KTS,Kai Tak MTR Station shop (No alcohol and oil products allowed),2020-02-14T00:00:00+08:00,2022-10-08 12:00:00,2022-10-08 21:00:00,,1/2/3/4/5/6/7,KLN,"KAT 4 , Kai Tak MTR Station, Kai Tak",九龍港鐵啟德站KAT 4號,True,False,True,False
81,HHS,Hang Hau MTR Station shop (No alcohol and oil products allowed),,2022-10-08 12:00:00,2022-10-08 21:00:00,,1/2/3/4/5/6/7,KLN,"HAH7, Hang Hau MTR Station, Tsang Kwan O (pick-up)",港鐵坑口站HAH7號舖 (自取),True,False,True,False
82,MET,Tai Kok Tsui - Metro Harbor Plaza Shop,2020-12-25T00:00:00+08:00,2022-10-08 12:00:00,2022-10-08 21:00:00,,1/2/3/4/5/6/7,KLN,"Shop G42-44 on Ground Floor, 8 Fuk Lee Street, Metro Harbour Plaza, Tai Kok Tsui, KLN",九龍 大角咀福利街8號港灣豪庭廣場G42-44號舖,True,False,True,False
83,FHS,Fortress Hill MTR Station shop (No alcohol and oil products allowed),2020-05-13T00:00:00+08:00,2022-10-08 12:00:00,2022-10-08 21:00:00,,1/2/3/4/5/6/7,HK,"FOH 13, Fortress Hill MTR Station, Hong Kong",港鐵炮台山站店FOH13號舖,True,False,True,False
84,WPA,Whampoa MTR Station shop (No alcohol and oil products allowed),2019-11-21T00:00:00+08:00,2022-10-08 12:00:00,2022-10-08 21:00:00,,1/2/3/4/5/6/7,KLN,MTR Station Concession No. WHA W1 at Whampoa Station (pick-up),港鐵黃埔站WHA W1號舖 (自取),True,False,True,False
85,YMS,Kwun Tong - Yue Man Square Shop,2021-07-05T00:00:00+08:00,2022-10-08 12:00:00,2022-10-08 21:00:00,,1/2/3/4/5/6/7,KLN,"Shop 1A21, Floor 01, Yue Man Square of Grand Central, 33 Hip Wo Street, Kwun Tong, Kowloon",九龍觀塘協和街33號裕民坊商場 一樓1A21號舖,True,False,True,False
86,ERE,To Kwa Wan - eResidence Shop,2021-07-20T00:00:00+08:00,2022-10-08 12:00:00,2022-10-08 21:00:00,,1/2/3/4/5/6/7,KLN,"Shop G05, eResidence, 8 Hok Yuen Street, To Kwa Wan, Kowloon",九龍土瓜灣鶴園街8號煥然懿居G05舖,True,False,True,False
87,SHA,Shatin - Shatin Centre Shop,2020-12-24T00:00:00+08:00,2022-10-08 12:00:00,2022-10-08 21:00:00,,1/2/3/4/5/6/7,NT,"Shop No.22F, Level 3, Shatin Centre, Shatin, New Territories",新界 沙田橫壆街2-16號沙田中心322號舖,True,False,True,False
88,FSS,Sai Wan - Sai Ying Pun First Street Shop,,2022-10-08 12:00:00,2022-10-08 21:00:00,,1/2/3/4/5/6/7,HK,"Shop B, No. 79 First Street, Sai Ying Pun, Sai Wan, Hong Kong (pick-up)",First Street Shop	香港 西環西營盤第一街79號地下B號舖 (自取),True,False,True,False
89,HIN,Hin Keng MTR Station shop (No alcohol and oil products allowed),2020-02-14T00:00:00+08:00,2022-10-08 12:00:00,2022-10-08 21:00:00,,1/2/3/4/5/6/7,NT,"HIK 5, Hin Keng MTR Station, Tai Wai",新界港鐵顯徑站HIK 5號舖,True,False,True,False
90,DIA,Diamond Hill MTR Station shop (No alcohol and oil products allowed),2020-02-14T00:00:00+08:00,2022-10-08 12:00:00,2022-10-08 21:00:00,,1/2/3/4/5/6/7,KLN,"DIH 109, Diamond Hill MTR station, Diamond Hill",九龍港鐵鑽石山站DIH 109號舖,True,False,True,False
91,TWH,Kwai Chung - Tai Wo Hau Shop,2021-06-06T00:00:00+08:00,2022-10-08 12:00:00,2022-10-08 21:00:00,,1/2/3/4/5/6/7,NT,"Shop A05, G/F, Fu Man House, Tai Wo Hau Estate, Kwai Chung",新界葵涌大窩口邨富民樓地下A05號鋪,True,False,True,False
92,TSW,Tin Shui Wai MTR Station shop (No alcohol and oil products allowed),,2022-10-08 12:00:00,2022-10-08 21:00:00,,1/2/3/4/5/6/7,NT,"TIS 5, Tin Shui Wai Station (pick-up)",港鐵天水圍站5號舖(鄰近D及E出口) (自取),True,False,True,False
93,KOR,Tai Koo - Kornhill Plaza Shop,2021-05-24T00:00:00+08:00,2022-10-08 12:00:00,2022-10-08 21:00:00,,1/2/3/4/5/6/7,HK,"Shop Nos. F11A & F11B, 1/F Kornhill Plaza, 1 Kornhill Road, Hong Kong",香港康山道1號康怡廣場一樓F11A-F11B號舖,True,False,True,False
94,TKL,Tiu Keng Leng MTR Station shop (No alcohol and oil products allowed),2018-11-23T00:00:00+08:00,2022-10-08 12:00:00,2022-10-08 21:00:00,,1/2/3/4/5/6/7,KLN,"TIK 7, Tiu Keng Leng MTR Station, Tsang Kwan O",港鐵調景嶺站TIK 7號舖,True,False,True,False
95,UNC,Cheung Sha Wan - Un Chau Street Shop,2021-01-03T00:00:00+08:00,2022-10-08 12:00:00,2022-10-08 21:00:00,,1/2/3/4/5/6/7,KLN,"Shop D, G/F, TST Tower, No.388 Un Chau Street, Cheung Sha Wan, Kowloon",九龍長沙灣元州街388號肇如大廈地下D舖,True,False,True,False
96,MCS,Tseung Kwan O - Po Lam Metro City Plaza Shop,,2022-10-08 12:00:00,2022-10-08 21:00:00,,1/2/3/4/5/6/7,KLN,"Shop UG049, Metro City Plaza Phase II, Tseung Kwan O (pick-up)",將軍澳欣景路8號新都城中心二期UG049號鋪 (自取),True,False,True,False
97,COC,Shatin - City One Shop,2022-03-01T00:00:00+08:00,2022-10-08 12:00:00,2022-10-08 21:00:00,,1/2/3/4/5/6/7,NT,"Shop No. B on Ground Floor, Tower Block 22, City One Shatin, New Territories",新界 沙田第一城22座地下B舖,True,False,True,False
98,TIV,Tsing Yi - Tivoli Garden Shop,2019-04-24T00:00:00+08:00,2022-10-08 12:00:00,2022-10-08 21:00:00,,1/2/3/4/5/6/7,NT,"Shop 1, G/F, Tivoli Garden, Tsing Yi",青衣宏福花園地下1號舖,True,False,True,False
99,SIU,Siu Hong MTR Station shop (No alcohol and oil products allowed),2019-03-22T00:00:00+08:00,2022-10-08 12:00:00,2022-10-08 21:00:00,,1/2/3/4/5/6/7,NT,"MTR station shop SIH 17, Siu Hong Station (pick-up)",港鐵兆康站SIH 17號舖 (自取),True,False,True,False
100,YTS,Yau Tong - Domain Shop,2018-08-28T00:00:00+08:00,2022-10-08 12:00:00,2022-10-08 21:00:00,,1/2/3/4/5/6/7,KLN,"G33, Domain, 38 Ko Chiu Road, Yau Tong (pick-up)",油塘高超道38號大本型地下號舖 (自取),True,False,True,False
101,JOR,Jordan - Jordan Shop,2021-05-22T00:00:00+08:00,2022-10-08 12:00:00,2022-10-08 21:00:00,,1/2/3/4/5/6/7,KLN,"Shop C, G/F, Luen Tak Building, 40-44A Jordan Road, Jordan",佐敦佐敦道40-44A號聯德大廈地下C號舖,True,False,True,False
102,KRS,North Point - Fitfort Shop,2018-10-21T00:00:00+08:00,2022-10-08 12:00:00,2022-10-08 21:00:00,,1/2/3/4/5/6/7,HK,"Shop No. L3, G/F, Fitfort, North Point (pick-up)",北角健威坊低層地下L3號舖 (自取),True,False,True,False
103,LOH,Lohas Park - Lohas Park Station Shop,2021-08-04T00:00:00+08:00,2022-10-08 12:00:00,2022-10-08 21:00:00,,1/2/3/4/5/6/7,KLN,Concession No. LHP 2 at Lohas Park Station,康城港鐵站LHP 2號舖,True,False,True,False
104,PVG,Tuen Mun - Prime View Garden Shop,2019-03-25T00:00:00+08:00,2022-10-08 12:00:00,2022-10-08 21:00:00,,1/2/3/4/5/6/7,NT,"Shop G5, G/F, Prime View Garden, No. 2 King Fung Path, Tuen Mun, NT (pick-up)",屯門景峰徑2號景峰花園地下G5號舖 (自取),True,False,True,False
105,OLY,Tai Kok Tsui - Olympian City Shop,2021-05-07T00:00:00+08:00,2022-10-08 12:00:00,2022-10-08 21:00:00,,1/2/3/4/5/6/7,KLN,"UG/F SHOP NO.30-31, Olympian City III, 1 HOI WANG ROAD, WEST KOWLOON",西九龍海泓道1號奧海城三期UG層30-31號鋪,True,False,True,False
106,GWP,To Kwa Wan - Grand waterfront Plaza Shop,2021-05-19T00:00:00+08:00,2022-10-08 12:00:00,2022-10-08 21:00:00,,1/2/3/4/5/6/7,KLN,"Shop 31, G/F, Grand Waterfront Plaza,38 Sun Pier Street, Ma Tau Kok, Kowloon",馬頭角新碼頭街38號翔龍灣廣場地下31號舖,True,False,True,False
107,RAS,Fo Tan - Plaza Ascot Shop,,2022-10-08 12:00:00,2022-10-08 21:00:00,,1/2/3/4/5/6/7,NT,"Shop Units G36-37, Plaza Ascot, Fo Tan (pick-up)",駿景園駿景廣場地下G36-37號舖 (自取),True,False,True,False
108,TUM,Tuen Mun MTR Station shop (No alcohol and oil products allowed),2020-05-13T00:00:00+08:00,2022-10-08 12:00:00,2022-10-08 21:00:00,,1/2/3/4/5/6/7,NT,"TUM 19 & 20, Tuen Mun MTR Station, New Territories (Paid Area)",港鐵屯門站店TUM19-20號舖 (閘內),True,False,True,False
109,TRE,Tuen Mun - Trend Plaza Shop,2020-01-31T00:00:00+08:00,2022-10-08 12:00:00,2022-10-08 21:00:00,,1/2/3/4/5/6/7,NT,"Shop No.8, Level 2 of south wing of trend plaza, Tuen Mun, NT",屯門屯門時代廣場南翼2樓8號舖,True,False,True,False
110,NOB,Aberdeen - Noble Square Shop,2021-04-20T00:00:00+08:00,2022-10-08 12:00:00,2022-10-08 21:00:00,,1/2/3/4/5/6/7,HK,"Shop 4, G/F, Noble Square, 3 Wah Kwai Road, Aberdeen",香港仔 華貴道3號 華貴坊 地下 Shop 4,True,False,True,False
111,HOM,Hung Hom - Tak Man Street Shop,,2022-10-08 12:00:00,2022-10-08 21:00:00,,1/2/3/4/5/6/7,KLN,"Shop 5L, G/F(Ho Fu Bldg.Whampoa Est.), 36D Tak Man St., Hunghom (pick-up)",德民街36號D黃埔新村可富樓地下5L舖 (自取),True,False,True,False
112,KWA,Kwai Chung - Kwai Chung Plaza Shop,2019-01-16T00:00:00+08:00,2022-10-08 12:00:00,2022-10-08 21:00:00,,1/2/3/4/5/6/7,NT,"Shop A53A, G/F, Kwai Chung Plaza Shop, 7-11 Kwai Foo Road, Kwai Chung",葵涌葵富路7-11號葵涌廣場地下A53A號舖,True,False,True,False
113,KAM,Kam Sheung Road MTR Station shop (No alcohol and oil products allowed),2019-04-06T00:00:00+08:00,2022-10-08 12:00:00,2022-10-08 21:00:00,,1/2/3/4/5/6/7,NT,KSR 5 at Kam Sheung Road Station (pick-up),港鐵錦上路站KSR 5號舖 (自取),True,False,True,False
114,SAI,SAI KUNG - SAI KUNG Shop,2022-06-27T00:00:00+08:00,2022-10-08 12:00:00,2022-10-08 21:00:00,,1/2/3/4/5/6/7,NT,"SHOP 12, ON G/F, SAI KUNG BUILDING, SAI KUNG NEW TERRITORIES",新界西貢西貢大廈地下12號舖,True,False,True,False
115,TWS,Tai Wai MTR Station shop (No alcohol and oil products allowed),,2022-10-08 12:00:00,2022-10-08 21:00:00,,1/2/3/4/5/6/7,NT,"TAW 11, Tai Wai MTR Station, Tai Wai (pick-up)",港鐵大圍站TAW 11號舖 (自取),True,False,True,False
116,ZQO,San Po Kong - S and K Logistics Company Pickup Point,2022-03-10T00:00:00+08:00,2022-10-08 12:30:00,2022-10-08 19:30:00,,1/2/3/4/5/6,KLN,"SHAP A-20 G/F SHOPPING, SAN PO KONG PLAZA, 33 SHUNG LING ST SAN PO KONG, KL",九龍新蒲崗廣場A20號鋪,True,False,True,True
117,ZKA,"Hung Hom MTR Station Lingsik King Pickup Point (No chilled items, alcohol and oil products allowed)",2021-06-11T00:00:00+08:00,2022-10-08 12:30:00,2022-10-08 19:30:00,,1/2/3/4/5/6/7,KLN,"HUH E4, Hung Hom MTR Station, Hung Hom, Kowloon",九龍 港鐵紅磡站HUH E4號舖,False,False,True,True
118,ZPC,Tseung Kwan O - Aplex Pickup Point,2022-08-01T00:00:00+08:00,2022-10-08 12:30:00,2022-10-08 20:00:00,,1/2/3/4/5/6/7,NT,Shop G46 G/F Park Central Tseung Kwan O,將軍澳將軍澳中心G46號鋪,True,False,True,True
119,ZPA,Ma On Shan - Aplex Pick up point,2022-02-14T00:00:00+08:00,2022-10-08 12:30:00,2022-10-08 20:00:00,,1/2/3/4/5/6/7,NT,"Shop, Level 2, Ma On Shan Plaza, Ma On Shan, N.T.",馬鞍山廣場 2 樓 276鋪,True,False,True,True
120,ZSV,Tai Po - StoreroomZ Pickup Point,2022-05-16T00:00:00+08:00,2022-10-08 13:00:00,2022-10-08 21:00:00,,1/2/3/4/5/6,NT,"Shop 12A, Elegance Garden, Tai Po, NT",新界大埔富雅花園地下12A,False,False,True,True
121,ZSU,Tai Wai - StoreroomZ Pickup Point,2022-05-16T00:00:00+08:00,2022-10-08 13:00:00,2022-10-08 21:00:00,,1/2/3/4/5/6,NT,Tai Wai - StoreroomZ Pickup Point,新界大圍新田村65號地下,True,False,True,True
122,ZRW,Sham Shui Po - Snow Snow Dessert Pickup Point,2022-03-16T00:00:00+08:00,2022-10-08 14:30:00,2022-10-08 21:00:00,,1/2/3/4/5/6/7,KLN,"Shop B, G, 71 Fuk Wa Street, Sham Shui Po",深水埗福華街71號B舖,True,False,True,True
123,ZSX,Po Lam - Tsui Lam 1PM Pickup Point,2022-06-15T00:00:00+08:00,2022-10-08 15:00:00,2022-10-08 19:30:00,,1/2/3/4/5/6,KLN,"Shop W06 2/F Tsui Lam market, Tsui Lam, Tseung Kwan O",將軍澳翠林街市2樓W06號鋪,False,False,False,False
